category,total_sales,ratings
Skirt,26471,3.8646464646464646
Shoes,23292,3.9914634146341463
Shorts,22511,4.0134146341463415
Jeans,22022,4.0576923076923077
Dress,21046,4.0139534883720930
Shirt,20662,4.1051282051282051
Blouse,20032,4.1439024390243902
Jacket,19229,3.9726027397260274
