discount_bucket,avg_sales
no discount,248.6896551724137931
low discount,255.0437956204379562
high discount,273.8968058968058968
