product_name,total_sales,avg_rating
Beach Shirt,22385,4.0746987951807229
Blouse,22064,4.0166666666666667
Pattern Skirt,16707,4.0581818181818182
Chino Shorts,16691,4.0777777777777778
Summer Dress,16381,4.0366197183098592
Biker Jacket,12870,4.0557692307692308
